{
  "project_info": {
    "project_number": "533935908454",
    "project_id": "alfa-ed1e3",
    "storage_bucket": "alfa-ed1e3.appspot.com"
  },
  "client": [
    {
      "client_info": {
        "mobilesdk_app_id": "1:533935908454:android:4e11a50e44306ee1b7afa7",
        "android_client_info": {
          "package_name": "com.apip.alfa"
        }
      },
      "oauth_client": [
        {
          "client_id": "533935908454-3igpfvih2seut0p02l3iv2fgivmhige5.apps.googleusercontent.com",
          "client_type": 3
        }
      ],
      "api_key": [
        {
          "current_key": "AIzaSyDvoG4DkVvpqvoRI0jzDT2nGHK64ZE-dxY"
        }
      ],
      "services": {
        "appinvite_service": {
          "other_platform_oauth_client": [
            {
              "client_id": "533935908454-3igpfvih2seut0p02l3iv2fgivmhige5.apps.googleusercontent.com",
              "client_type": 3
            }
          ]
        }
      }
    }
  ],
  "configuration_version": "1"
}